feature,n,max_abs,mean_abs,max_rel,corr
auc_FOOOF,10,5.5794547247295405,1.4053109774118742,8.173149110112188,0.9943366986019557
conn_mic_Alpha,10,0.6751703875967638,0.6751703875967638,1.9999999745345356,
conn_mic_Gamma1,10,0.36418848356140343,0.36418848356140343,15.352873545505705,
cf_0_FOOOF,10,0.24419733476728211,0.04133277406964666,0.01130350716973442,0.9999486504210141
conn_mic_Theta,10,0.2207664427306672,0.2207664427306672,2.4962821317768964,
conn_mic_Beta1,10,0.21885562423698424,0.21885562423698426,1.5082288895555769,
conn_mic_ThetaAlpha,10,0.21694771101791802,0.21694771101791802,0.5869563074408221,1.0
conn_mic_Beta2,10,0.12574854686924825,0.12574854686924825,1.077843846140439,1.0
conn_wpli_Gamma1,10,0.08671666198123773,0.04125248991483245,0.41077697227156146,0.7819874197571488
cf_1_FOOOF,5,0.08504786363979022,0.0412942978979288,0.003852868301736895,0.9999985530463406
conn_pli_Gamma1,10,0.058846666699999994,0.03164933334,0.6343341701998789,0.6623957658159002
conn_ciplv_Gamma1,10,0.04327717483437128,0.025925963331783337,0.6459277586066555,0.685327063340472
conn_mim_Gamma1,10,0.0399641269302477,0.0399641269302477,0.18813137850769385,
bw_0_FOOOF,10,0.03947232799230971,0.006949128413521244,0.009483752850068401,0.9999999893863367
conn_plv_Gamma1,10,0.03539422483072904,0.01813616886426325,0.1406868569608013,0.8919350493503371
conn_gc_tr_Gamma1,10,0.030726957925346854,0.030726957925346854,0.11561271684306273,
conn_coh_Gamma1,10,0.028871382511023114,0.010450593850043127,0.07851551109621403,0.9635452963067802
offset_FOOOF,10,0.02432143010201604,0.0035424617053939345,0.02134126613864919,0.9998167726316028
exponent_FOOOF,10,0.02116221591813172,0.00282705130196268,0.009647015786460636,0.999823816947362
conn_gc_Gamma1,10,0.010990436814283577,0.010990436814283577,0.049412528883872445,
pw_0_FOOOF,10,0.009078997571450476,0.0032856661709321335,0.0049024270740015774,0.9999883195652952
pw_1_FOOOF,5,0.005951688755701845,0.0020103112954029,0.00400661700223136,0.9998606494279023
error_FOOOF,10,0.005381717820306164,0.0009682682270975324,0.009135770226161466,0.999973431232578
bw_1_FOOOF,5,0.0034101502844841036,0.000710271381427674,0.0002887216969744851,0.9999997377555419
r_squared_FOOOF,10,0.0027811712645443576,0.0005010621058086251,0.004640332375946332,0.999990333968025
Theta_FOOOF,10,0.0019653398083428197,0.00037074674091418984,0.014247682137517717,0.9999577914889857
Delta_FOOOF,10,0.001664209565717334,0.00031571965103258977,0.14983845628405892,0.9999875418258214
Alpha_FOOOF,10,0.001347925813541595,0.0003013342939048397,0.0035269400903801414,0.9999743999093379
Beta1_FOOOF,10,0.001001755344922417,0.00026682374292651134,0.004476124111273823,0.9999728663344524
Beta2_FOOOF,10,0.0007850830978811119,0.00019031345076789274,0.005849287347104606,0.9999802894592231
ThetaAlpha_FOOOF,10,0.0006161817490283605,0.00020183935660637726,0.005355164249466102,0.9999839035711728
higuchi_nonlinear,10,0.00031994937065560336,0.00015644501993163917,0.00030331659488749054,0.9998467331097213
Gamma1_FOOOF,10,0.0002787212733737221,9.729383423153493e-05,0.008045518234783963,0.9999964031498897
intercept_Irasa,10,1.3367413420617424e-06,5.896444223996156e-07,4.1119615113180573e-07,0.9999999999990989
slope_Irasa,10,6.35226495404595e-07,2.9897089963704105e-07,2.4963407490108254e-07,0.9999999999919029
auc_Irasa,10,5.411463375182279e-07,2.422927221967797e-07,8.420798597179097e-08,0.9999999999999993
sample_entropy_nonlinear,10,1.1060550490771259e-07,3.7709736295382656e-08,1.0710329757905707e-06,0.9999999999985901
Theta_Irasa,10,9.525068986326879e-08,2.3586576971146993e-08,2.3581058346033273e-06,0.9999999999995764
rsquared_Irasa,10,6.643192684840926e-08,4.4878092297917505e-08,8.27259203905416e-08,0.9999999999998757
Delta_Irasa,10,6.583177436514376e-08,2.133686253860678e-08,6.11481061126644e-07,0.9999999999999742
Alpha_Irasa,10,6.00381396820282e-08,2.546823584387292e-08,1.687216882181259e-07,0.9999999999999902
Beta1_Irasa,10,4.480815901652946e-08,2.1080823649211045e-08,1.9544659255046288e-07,0.9999999999999606
Gamma1_Irasa,10,4.049366111869013e-08,1.7588073815411055e-08,1.7740909672176998e-07,0.9999999999999158
Beta2_Irasa,10,3.810761586842126e-08,2.0540666388624286e-08,7.656500455426566e-07,0.9999999999991449
ThetaAlpha_Irasa,10,3.4161810984201235e-08,7.093723184943903e-09,1.0985707038595386e-06,0.9999999999999386
Theta_PSD,10,2.0529098476718133e-08,5.633238336910651e-09,1.1436954283890944e-07,0.999999999999984
conn_gc_tr_Theta,10,1.882646216699868e-08,1.882646216699868e-08,7.167880099491761e-08,1.0
katz_nonlinear,10,1.7894586923361544e-08,7.301351012678481e-09,9.10484310919529e-09,0.9999999999999976
conn_gc_ThetaAlpha,10,1.6026634352961366e-08,1.6026634352961366e-08,7.282065796648932e-08,
Alpha_PSD,10,1.4428204936356437e-08,4.768612667238603e-09,8.270344373376855e-08,0.9999999999999947
Beta2_PSD,10,9.60219896650738e-09,5.267705774358866e-09,1.571479852630614e-07,0.9999999999999626
conn_wpli_Beta1,10,9.59657583954332e-09,4.0603117978932344e-09,4.580630295459418e-08,0.9999999999999979
ThetaAlpha_PSD,10,9.446152443581823e-09,3.790889670229891e-09,8.299827236702274e-08,0.9999999999999903
Beta1_PSD,10,9.368400083475947e-09,2.874283967085889e-09,6.261476817749033e-08,0.9999999999999947
conn_gc_tr_Beta1,10,8.877936691353838e-09,8.877936691353838e-09,4.985655913643316e-08,
conn_mim_Beta2,10,8.56848497710061e-09,8.56848497710061e-09,8.584893134700248e-08,
Delta_PSD,10,8.37902919270661e-09,3.8917611411282135e-09,2.1352355269901284e-08,0.9999999999999994
conn_gc_Theta,10,8.368531478897268e-09,8.368531478897268e-09,2.9450420120844464e-08,
conn_wpli_Beta2,10,8.276083179881155e-09,3.942142717816566e-09,6.123765707096983e-08,0.9999999999999767
conn_wpli_ThetaAlpha,10,7.565104986895221e-09,3.817803520544949e-09,3.782435124135976e-08,0.999999999999999
conn_ciplv_Beta1,10,7.035052332349245e-09,2.4506152163095153e-09,9.6286067852524e-08,0.9999999999999877
conn_gc_Beta2,10,5.898083799138476e-09,5.898083799138476e-09,2.1395297962890153e-08,1.0
conn_wpli_Alpha,10,5.8018859161457215e-09,2.402465903994511e-09,2.3712181696493543e-08,0.9999999999999993
conn_coh_Beta2,10,5.800357083529661e-09,2.6681457543364927e-09,1.972747159377691e-08,0.9999999999999977
Gamma1_PSD,10,5.693722861244144e-09,2.4459976141755212e-09,1.1404565136592196e-07,0.9999999999999756
conn_plv_Alpha,10,5.4848308672639234e-09,2.4638674267496443e-09,1.8256742454146412e-08,0.999999999999999
conn_plv_Beta1,10,5.278997905477922e-09,2.157686856962826e-09,1.741312241484205e-08,0.9999999999999993
conn_ciplv_Beta2,10,5.103851716259378e-09,2.037219718614702e-09,1.1150200072777494e-07,0.9999999999999722
conn_wpli_Theta,10,4.732670283447149e-09,2.6715993473036546e-09,3.292393484790493e-08,0.999999999999999
conn_ciplv_Alpha,10,4.494810856847664e-09,2.8575539157138508e-09,4.1399780851510234e-08,0.9999999999999952
conn_coh_Theta,10,4.32544650097455e-09,1.942356342432561e-09,1.4149267304421114e-08,0.9999999999999993
conn_gc_Beta1,10,4.038636064462864e-09,4.038636064462864e-09,2.4722045895057865e-08,
conn_mim_ThetaAlpha,10,3.933279923984401e-09,3.933279923984401e-09,2.0846375051012798e-08,
conn_coh_ThetaAlpha,10,3.9316226385643915e-09,1.886467326794872e-09,1.631490027793445e-08,1.0
conn_plv_ThetaAlpha,10,3.4377906077409648e-09,1.1922970694078217e-09,7.915217384765733e-09,0.9999999999999998
conn_plv_Beta2,10,3.323663566590085e-09,1.583221664880341e-09,1.0973079912675761e-08,0.9999999999999982
conn_ciplv_ThetaAlpha,10,3.1767155989070872e-09,1.589830092574296e-09,5.0309502489523275e-08,0.9999999999999982
conn_ciplv_Theta,10,3.034981273242199e-09,1.2330896116685698e-09,5.256252661697306e-08,0.9999999999999986
conn_mim_Alpha,10,2.691130901455452e-09,2.691130901455452e-09,1.793841265135509e-08,
conn_plv_Theta,10,2.6141755427033786e-09,1.1090256157864075e-09,7.915084791978337e-09,0.9999999999999998
conn_coh_Alpha,10,2.547356436899406e-09,1.2935084336973545e-09,7.661600563274808e-09,1.0
conn_gc_tr_Beta2,10,2.36499581030003e-09,2.36499581030003e-09,8.096182046897682e-09,
dfa_nonlinear,10,2.187694914113081e-09,9.246694077091888e-10,1.6762784093584884e-09,1.0
conn_coh_Beta1,10,1.9572474752038715e-09,1.0545564199659908e-09,6.13319399951842e-09,1.0
conn_gc_tr_ThetaAlpha,10,1.709630603752288e-09,1.709630603752288e-09,8.335916553300163e-09,
conn_gc_tr_Alpha,10,1.3899911222026162e-09,1.3899911222026162e-09,9.205662491979273e-09,
conn_mim_Beta1,10,1.1781718378678363e-09,1.1781718378678363e-09,8.052096772940271e-09,
svd_entropy_nonlinear,10,1.0655320237251686e-09,3.8185327955186923e-10,8.769681788354976e-09,0.9999999999999999
conn_mim_Theta,10,7.955299752282485e-10,7.955299752282485e-10,5.578330736418572e-09,
conn_gc_Alpha,10,5.632849187087174e-10,5.632849187087174e-10,3.697148805008745e-09,
petrosian_nonlinear,10,4.772626738258623e-11,3.2183189446755025e-11,4.7621496958056797e-11,0.9999999999999452
perm_entropy_nonlinear,10,4.720857038620352e-11,3.399333037279462e-11,8.902592751881378e-11,1.0
lziv_nonlinear,10,4.547931475862299e-11,2.643066945862138e-11,1.1736105774341339e-09,1.0
conn_pli_Beta2,10,4.4444448121794267e-11,2.888888642194054e-11,6.547929351035524e-10,1.0
conn_pli_ThetaAlpha,10,4.4444448121794267e-11,2.7777775912785074e-11,3.984064074662833e-10,1.0
conn_pli_Beta1,10,4.4444448121794267e-11,2.555555350669536e-11,6.031727382474039e-10,1.0
conn_pli_Theta,10,3.3333363846921316e-11,2.0000007205922542e-11,4.583119833634464e-10,1.0
conn_pli_Alpha,10,3.333334996913351e-11,2.333333803949955e-11,4.4758754039046234e-10,1.0
oscspectraledge_FOOOF,10,0.0,0.0,0.0,1.0
oscspectraledge_Irasa,10,0.0,0.0,0.0,1.0
ACW,10,0.0,0.0,0.0,1.0
bin_idx,10,0.0,0.0,0.0,
bin_start_s,10,0.0,0.0,0.0,
bin_end_s,10,0.0,0.0,0.0,
